LOCATION	INDICATOR	SUBJECT	MEASURE	FREQUENCY	TIME	Value
AUS	GFCF	TOT	AGRWTH	A	1990	-9.479726
AUS	GFCF	TOT	AGRWTH	A	1991	-3.997176
AUS	GFCF	TOT	AGRWTH	A	1992	6.634968
AUS	GFCF	TOT	AGRWTH	A	1993	5.793301
AUS	GFCF	TOT	AGRWTH	A	1994	11.02505
AUS	GFCF	TOT	AGRWTH	A	1995	2.73705
AUS	GFCF	TOT	AGRWTH	A	1996	6.637694
AUS	GFCF	TOT	AGRWTH	A	1997	9.737434
AUS	GFCF	TOT	AGRWTH	A	1998	4.439598
AUS	GFCF	TOT	AGRWTH	A	1999	8.093842
AUS	GFCF	TOT	AGRWTH	A	2000	-7.943117
AUS	GFCF	TOT	AGRWTH	A	2001	9.124495
AUS	GFCF	TOT	AGRWTH	A	2002	12.567477
AUS	GFCF	TOT	AGRWTH	A	2003	8.735606
AUS	GFCF	TOT	AGRWTH	A	2004	6.094502
AUS	GFCF	TOT	AGRWTH	A	2005	8.273656
AUS	GFCF	TOT	AGRWTH	A	2006	4.519719
AUS	GFCF	TOT	AGRWTH	A	2007	8.761994
AUS	GFCF	TOT	AGRWTH	A	2008	1.524044
AUS	GFCF	TOT	AGRWTH	A	2009	1.7479
AUS	GFCF	TOT	AGRWTH	A	2010	3.599735
AUS	GFCF	TOT	AGRWTH	A	2011	11.536487
AUS	GFCF	TOT	AGRWTH	A	2012	3.003741
AUS	GFCF	TOT	AGRWTH	A	2013	-1.761188
AUS	GFCF	TOT	AGRWTH	A	2014	-3.163672
AUS	GFCF	TOT	AGRWTH	A	2015	-3.43695
AUS	GFCF	TOT	AGRWTH	A	2016	-0.222972
AUS	GFCF	TOT	AGRWTH	A	2017	4.370449
AUT	GFCF	TOT	AGRWTH	A	1990	5.492337
AUT	GFCF	TOT	AGRWTH	A	1991	8.319668
AUT	GFCF	TOT	AGRWTH	A	1992	0.136945
AUT	GFCF	TOT	AGRWTH	A	1993	-1.22393
AUT	GFCF	TOT	AGRWTH	A	1994	5.145812
AUT	GFCF	TOT	AGRWTH	A	1995	0.191927
AUT	GFCF	TOT	AGRWTH	A	1996	4.375736
AUT	GFCF	TOT	AGRWTH	A	1997	0.740085
AUT	GFCF	TOT	AGRWTH	A	1998	3.429916
AUT	GFCF	TOT	AGRWTH	A	1999	1.225723
AUT	GFCF	TOT	AGRWTH	A	2000	5.828588
AUT	GFCF	TOT	AGRWTH	A	2001	-1.110558
AUT	GFCF	TOT	AGRWTH	A	2002	-2.865714
AUT	GFCF	TOT	AGRWTH	A	2003	3.842742
AUT	GFCF	TOT	AGRWTH	A	2004	0.940609
AUT	GFCF	TOT	AGRWTH	A	2005	0.252779
AUT	GFCF	TOT	AGRWTH	A	2006	1.150714
AUT	GFCF	TOT	AGRWTH	A	2007	4.644313
AUT	GFCF	TOT	AGRWTH	A	2008	1.606895
AUT	GFCF	TOT	AGRWTH	A	2009	-7.177639
AUT	GFCF	TOT	AGRWTH	A	2010	-2.586536
AUT	GFCF	TOT	AGRWTH	A	2011	6.64983
AUT	GFCF	TOT	AGRWTH	A	2012	0.905907
AUT	GFCF	TOT	AGRWTH	A	2013	1.564088
AUT	GFCF	TOT	AGRWTH	A	2014	-0.402953
AUT	GFCF	TOT	AGRWTH	A	2015	2.301522
AUT	GFCF	TOT	AGRWTH	A	2016	4.063143
AUT	GFCF	TOT	AGRWTH	A	2017	3.951465
AUT	GFCF	TOT	AGRWTH	A	2018	3.931161
BEL	GFCF	TOT	AGRWTH	A	1990	8.580777
BEL	GFCF	TOT	AGRWTH	A	1991	-4.143916
BEL	GFCF	TOT	AGRWTH	A	1992	1.084901
BEL	GFCF	TOT	AGRWTH	A	1993	-2.518297
BEL	GFCF	TOT	AGRWTH	A	1994	0.383785
BEL	GFCF	TOT	AGRWTH	A	1995	3.39307
BEL	GFCF	TOT	AGRWTH	A	1996	0.832255
BEL	GFCF	TOT	AGRWTH	A	1997	6.639981
BEL	GFCF	TOT	AGRWTH	A	1998	2.455451
BEL	GFCF	TOT	AGRWTH	A	1999	3.772121
BEL	GFCF	TOT	AGRWTH	A	2000	4.363969
BEL	GFCF	TOT	AGRWTH	A	2001	1.629749
BEL	GFCF	TOT	AGRWTH	A	2002	-4.313465
BEL	GFCF	TOT	AGRWTH	A	2003	-0.403704
BEL	GFCF	TOT	AGRWTH	A	2004	8.882102
BEL	GFCF	TOT	AGRWTH	A	2005	6.062556
BEL	GFCF	TOT	AGRWTH	A	2006	1.95685
BEL	GFCF	TOT	AGRWTH	A	2007	6.753409
BEL	GFCF	TOT	AGRWTH	A	2008	1.892598
BEL	GFCF	TOT	AGRWTH	A	2009	-6.662874
BEL	GFCF	TOT	AGRWTH	A	2010	-0.82896
BEL	GFCF	TOT	AGRWTH	A	2011	4.219244
BEL	GFCF	TOT	AGRWTH	A	2012	0.197002
BEL	GFCF	TOT	AGRWTH	A	2013	-1.489409
BEL	GFCF	TOT	AGRWTH	A	2014	5.799648
BEL	GFCF	TOT	AGRWTH	A	2015	2.749575
BEL	GFCF	TOT	AGRWTH	A	2016	3.790882
BEL	GFCF	TOT	AGRWTH	A	2017	1.779719
BEL	GFCF	TOT	AGRWTH	A	2018	2.907428
CZE	GFCF	TOT	AGRWTH	A	1991	-27.337695
CZE	GFCF	TOT	AGRWTH	A	1992	16.477467
CZE	GFCF	TOT	AGRWTH	A	1993	0.189121
CZE	GFCF	TOT	AGRWTH	A	1994	11.749901
CZE	GFCF	TOT	AGRWTH	A	1995	23.331384
CZE	GFCF	TOT	AGRWTH	A	1996	9.827864
CZE	GFCF	TOT	AGRWTH	A	1997	-5.20566
CZE	GFCF	TOT	AGRWTH	A	1998	-1.142052
CZE	GFCF	TOT	AGRWTH	A	1999	-2.642507
CZE	GFCF	TOT	AGRWTH	A	2000	8.393093
CZE	GFCF	TOT	AGRWTH	A	2001	5.575236
CZE	GFCF	TOT	AGRWTH	A	2002	2.185104
CZE	GFCF	TOT	AGRWTH	A	2003	1.780145
CZE	GFCF	TOT	AGRWTH	A	2004	3.913907
CZE	GFCF	TOT	AGRWTH	A	2005	6.393823
CZE	GFCF	TOT	AGRWTH	A	2006	5.871202
CZE	GFCF	TOT	AGRWTH	A	2007	13.522587
CZE	GFCF	TOT	AGRWTH	A	2008	2.529741
CZE	GFCF	TOT	AGRWTH	A	2009	-10.094229
CZE	GFCF	TOT	AGRWTH	A	2010	1.34665
CZE	GFCF	TOT	AGRWTH	A	2011	0.863828
CZE	GFCF	TOT	AGRWTH	A	2012	-3.091515
CZE	GFCF	TOT	AGRWTH	A	2013	-2.494269
CZE	GFCF	TOT	AGRWTH	A	2014	3.925976
CZE	GFCF	TOT	AGRWTH	A	2015	10.190152
CZE	GFCF	TOT	AGRWTH	A	2016	-3.108807
CZE	GFCF	TOT	AGRWTH	A	2017	3.713926
CZE	GFCF	TOT	AGRWTH	A	2018	7.161781
DNK	GFCF	TOT	AGRWTH	A	1990	-0.24235
DNK	GFCF	TOT	AGRWTH	A	1991	-2.325529
DNK	GFCF	TOT	AGRWTH	A	1992	-0.513164
DNK	GFCF	TOT	AGRWTH	A	1993	-2.643184
DNK	GFCF	TOT	AGRWTH	A	1994	6.860391
DNK	GFCF	TOT	AGRWTH	A	1995	10.565482
DNK	GFCF	TOT	AGRWTH	A	1996	5.317653
DNK	GFCF	TOT	AGRWTH	A	1997	10.207636
DNK	GFCF	TOT	AGRWTH	A	1998	6.646178
DNK	GFCF	TOT	AGRWTH	A	1999	-0.26142
DNK	GFCF	TOT	AGRWTH	A	2000	8.166504
DNK	GFCF	TOT	AGRWTH	A	2001	-0.467088
DNK	GFCF	TOT	AGRWTH	A	2002	-2.293209
DNK	GFCF	TOT	AGRWTH	A	2003	1.638411
DNK	GFCF	TOT	AGRWTH	A	2004	3.516896
DNK	GFCF	TOT	AGRWTH	A	2005	5.942737
DNK	GFCF	TOT	AGRWTH	A	2006	13.668483
DNK	GFCF	TOT	AGRWTH	A	2007	0.690636
DNK	GFCF	TOT	AGRWTH	A	2008	-2.496592
DNK	GFCF	TOT	AGRWTH	A	2009	-12.96739
DNK	GFCF	TOT	AGRWTH	A	2010	-5.746984
DNK	GFCF	TOT	AGRWTH	A	2011	0.38869
DNK	GFCF	TOT	AGRWTH	A	2012	3.73307
DNK	GFCF	TOT	AGRWTH	A	2013	2.732784
DNK	GFCF	TOT	AGRWTH	A	2014	3.11118
DNK	GFCF	TOT	AGRWTH	A	2015	5.518646
DNK	GFCF	TOT	AGRWTH	A	2016	7.565968
DNK	GFCF	TOT	AGRWTH	A	2017	4.620127
DNK	GFCF	TOT	AGRWTH	A	2018	6.489976
FIN	GFCF	TOT	AGRWTH	A	1990	-3.577944
FIN	GFCF	TOT	AGRWTH	A	1991	-16.912824
FIN	GFCF	TOT	AGRWTH	A	1992	-13.751614
FIN	GFCF	TOT	AGRWTH	A	1993	-12.519704
FIN	GFCF	TOT	AGRWTH	A	1994	0.846885
FIN	GFCF	TOT	AGRWTH	A	1995	12.538527
FIN	GFCF	TOT	AGRWTH	A	1996	10.006351
FIN	GFCF	TOT	AGRWTH	A	1997	10.885802
FIN	GFCF	TOT	AGRWTH	A	1998	10.672914
FIN	GFCF	TOT	AGRWTH	A	1999	4.533694
FIN	GFCF	TOT	AGRWTH	A	2000	6.21871
FIN	GFCF	TOT	AGRWTH	A	2001	1.763538
FIN	GFCF	TOT	AGRWTH	A	2002	-2.953345
FIN	GFCF	TOT	AGRWTH	A	2003	2.796547
FIN	GFCF	TOT	AGRWTH	A	2004	4.66105
FIN	GFCF	TOT	AGRWTH	A	2005	3.252255
FIN	GFCF	TOT	AGRWTH	A	2006	1.356472
FIN	GFCF	TOT	AGRWTH	A	2007	10.296954
FIN	GFCF	TOT	AGRWTH	A	2008	0.634756
FIN	GFCF	TOT	AGRWTH	A	2009	-12.029349
FIN	GFCF	TOT	AGRWTH	A	2010	2.304653
FIN	GFCF	TOT	AGRWTH	A	2011	3.885671
FIN	GFCF	TOT	AGRWTH	A	2012	-0.284541
FIN	GFCF	TOT	AGRWTH	A	2013	-4.609366
FIN	GFCF	TOT	AGRWTH	A	2014	-1.833446
FIN	GFCF	TOT	AGRWTH	A	2015	0.346505
FIN	GFCF	TOT	AGRWTH	A	2016	8.882521
FIN	GFCF	TOT	AGRWTH	A	2017	3.983356
FIN	GFCF	TOT	AGRWTH	A	2018	3.272696
FRA	GFCF	TOT	AGRWTH	A	1990	4.608864
FRA	GFCF	TOT	AGRWTH	A	1991	-0.53423
FRA	GFCF	TOT	AGRWTH	A	1992	-1.487038
FRA	GFCF	TOT	AGRWTH	A	1993	-5.437919
FRA	GFCF	TOT	AGRWTH	A	1994	1.555463
FRA	GFCF	TOT	AGRWTH	A	1995	1.329405
FRA	GFCF	TOT	AGRWTH	A	1996	0.751684
FRA	GFCF	TOT	AGRWTH	A	1997	0.78876
FRA	GFCF	TOT	AGRWTH	A	1998	6.409821
FRA	GFCF	TOT	AGRWTH	A	1999	7.841027
FRA	GFCF	TOT	AGRWTH	A	2000	6.647157
FRA	GFCF	TOT	AGRWTH	A	2001	2.274688
FRA	GFCF	TOT	AGRWTH	A	2002	-0.917374
FRA	GFCF	TOT	AGRWTH	A	2003	1.919072
FRA	GFCF	TOT	AGRWTH	A	2004	3.48013
FRA	GFCF	TOT	AGRWTH	A	2005	2.899522
FRA	GFCF	TOT	AGRWTH	A	2006	3.645481
FRA	GFCF	TOT	AGRWTH	A	2007	5.534484
FRA	GFCF	TOT	AGRWTH	A	2008	0.853106
FRA	GFCF	TOT	AGRWTH	A	2009	-9.069762
FRA	GFCF	TOT	AGRWTH	A	2010	2.081216
FRA	GFCF	TOT	AGRWTH	A	2011	2.066052
FRA	GFCF	TOT	AGRWTH	A	2012	0.231322
FRA	GFCF	TOT	AGRWTH	A	2013	-0.805539
FRA	GFCF	TOT	AGRWTH	A	2014	0.032841
FRA	GFCF	TOT	AGRWTH	A	2015	1.024148
FRA	GFCF	TOT	AGRWTH	A	2016	2.659973
FRA	GFCF	TOT	AGRWTH	A	2017	4.742005
FRA	GFCF	TOT	AGRWTH	A	2018	2.788533
DEU	GFCF	TOT	AGRWTH	A	1990	7.995906
DEU	GFCF	TOT	AGRWTH	A	1991	5.318589
DEU	GFCF	TOT	AGRWTH	A	1992	4.481861
DEU	GFCF	TOT	AGRWTH	A	1993	-4.538452
DEU	GFCF	TOT	AGRWTH	A	1994	3.574975
DEU	GFCF	TOT	AGRWTH	A	1995	-0.191755
DEU	GFCF	TOT	AGRWTH	A	1996	-0.432275
DEU	GFCF	TOT	AGRWTH	A	1997	0.518571
DEU	GFCF	TOT	AGRWTH	A	1998	4.019197
DEU	GFCF	TOT	AGRWTH	A	1999	4.290656
DEU	GFCF	TOT	AGRWTH	A	2000	2.090246
DEU	GFCF	TOT	AGRWTH	A	2001	-2.621603
DEU	GFCF	TOT	AGRWTH	A	2002	-6.085215
DEU	GFCF	TOT	AGRWTH	A	2003	-1.622838
DEU	GFCF	TOT	AGRWTH	A	2004	-0.433474
DEU	GFCF	TOT	AGRWTH	A	2005	0.89491
DEU	GFCF	TOT	AGRWTH	A	2006	7.527267
DEU	GFCF	TOT	AGRWTH	A	2007	3.611638
DEU	GFCF	TOT	AGRWTH	A	2008	1.581495
DEU	GFCF	TOT	AGRWTH	A	2009	-9.457742
DEU	GFCF	TOT	AGRWTH	A	2010	5.275471
DEU	GFCF	TOT	AGRWTH	A	2011	7.38889
DEU	GFCF	TOT	AGRWTH	A	2012	-0.227625
DEU	GFCF	TOT	AGRWTH	A	2013	-1.285907
DEU	GFCF	TOT	AGRWTH	A	2014	3.235633
DEU	GFCF	TOT	AGRWTH	A	2015	1.760456
DEU	GFCF	TOT	AGRWTH	A	2016	3.8
DEU	GFCF	TOT	AGRWTH	A	2017	2.447013
DEU	GFCF	TOT	AGRWTH	A	2018	3.451194
GRC	GFCF	TOT	AGRWTH	A	1990	4.459112
GRC	GFCF	TOT	AGRWTH	A	1991	4.24936
GRC	GFCF	TOT	AGRWTH	A	1992	-3.486634
GRC	GFCF	TOT	AGRWTH	A	1993	-3.993979
GRC	GFCF	TOT	AGRWTH	A	1994	-3.08344
GRC	GFCF	TOT	AGRWTH	A	1995	4.130692
GRC	GFCF	TOT	AGRWTH	A	1996	9.052065
GRC	GFCF	TOT	AGRWTH	A	1997	3.50272
GRC	GFCF	TOT	AGRWTH	A	1998	22.589544
GRC	GFCF	TOT	AGRWTH	A	1999	7.398346
GRC	GFCF	TOT	AGRWTH	A	2000	2.864204
GRC	GFCF	TOT	AGRWTH	A	2001	5.367508
GRC	GFCF	TOT	AGRWTH	A	2002	-0.333578
GRC	GFCF	TOT	AGRWTH	A	2003	15.103408
GRC	GFCF	TOT	AGRWTH	A	2004	2.962224
GRC	GFCF	TOT	AGRWTH	A	2005	-11.880227
GRC	GFCF	TOT	AGRWTH	A	2006	19.389481
GRC	GFCF	TOT	AGRWTH	A	2007	15.887128
GRC	GFCF	TOT	AGRWTH	A	2008	-7.193438
GRC	GFCF	TOT	AGRWTH	A	2009	-13.931348
GRC	GFCF	TOT	AGRWTH	A	2010	-19.346062
GRC	GFCF	TOT	AGRWTH	A	2011	-20.49656
GRC	GFCF	TOT	AGRWTH	A	2012	-23.457849
GRC	GFCF	TOT	AGRWTH	A	2013	-8.428087
GRC	GFCF	TOT	AGRWTH	A	2014	-4.676251
GRC	GFCF	TOT	AGRWTH	A	2015	0.674703
GRC	GFCF	TOT	AGRWTH	A	2016	4.749197
GRC	GFCF	TOT	AGRWTH	A	2017	9.077404
GRC	GFCF	TOT	AGRWTH	A	2018	-12.223321
HUN	GFCF	TOT	AGRWTH	A	1992	-2.639475
HUN	GFCF	TOT	AGRWTH	A	1993	2.031064
HUN	GFCF	TOT	AGRWTH	A	1994	12.470283
HUN	GFCF	TOT	AGRWTH	A	1995	-4.31038
HUN	GFCF	TOT	AGRWTH	A	1996	4.588816
HUN	GFCF	TOT	AGRWTH	A	1997	8.704608
HUN	GFCF	TOT	AGRWTH	A	1998	11.394273
HUN	GFCF	TOT	AGRWTH	A	1999	7.993013
HUN	GFCF	TOT	AGRWTH	A	2000	5.990158
HUN	GFCF	TOT	AGRWTH	A	2001	2.700402
HUN	GFCF	TOT	AGRWTH	A	2002	7.683155
HUN	GFCF	TOT	AGRWTH	A	2003	1.155017
HUN	GFCF	TOT	AGRWTH	A	2004	7.935172
HUN	GFCF	TOT	AGRWTH	A	2005	3.61553
HUN	GFCF	TOT	AGRWTH	A	2006	0.73857
HUN	GFCF	TOT	AGRWTH	A	2007	4.604646
HUN	GFCF	TOT	AGRWTH	A	2008	1.184578
HUN	GFCF	TOT	AGRWTH	A	2009	-9.121676
HUN	GFCF	TOT	AGRWTH	A	2010	-9.466019
HUN	GFCF	TOT	AGRWTH	A	2011	-1.301284
HUN	GFCF	TOT	AGRWTH	A	2012	-2.989735
HUN	GFCF	TOT	AGRWTH	A	2013	9.799074
HUN	GFCF	TOT	AGRWTH	A	2014	12.250841
HUN	GFCF	TOT	AGRWTH	A	2015	4.759283
HUN	GFCF	TOT	AGRWTH	A	2016	-10.557888
HUN	GFCF	TOT	AGRWTH	A	2017	18.6804
HUN	GFCF	TOT	AGRWTH	A	2018	17.11454
ISL	GFCF	TOT	AGRWTH	A	1990	3.00982
ISL	GFCF	TOT	AGRWTH	A	1991	2.588862
ISL	GFCF	TOT	AGRWTH	A	1992	-10.353984
ISL	GFCF	TOT	AGRWTH	A	1993	-9.802932
ISL	GFCF	TOT	AGRWTH	A	1994	-0.21037
ISL	GFCF	TOT	AGRWTH	A	1995	-1.712456
ISL	GFCF	TOT	AGRWTH	A	1996	22.315051
ISL	GFCF	TOT	AGRWTH	A	1997	11.223009
ISL	GFCF	TOT	AGRWTH	A	1998	30.568186
ISL	GFCF	TOT	AGRWTH	A	1999	-3.334146
ISL	GFCF	TOT	AGRWTH	A	2000	11.923926
ISL	GFCF	TOT	AGRWTH	A	2001	-4.055325
ISL	GFCF	TOT	AGRWTH	A	2002	-12.282188
ISL	GFCF	TOT	AGRWTH	A	2003	9.277003
ISL	GFCF	TOT	AGRWTH	A	2004	26.615587
ISL	GFCF	TOT	AGRWTH	A	2005	31.767539
ISL	GFCF	TOT	AGRWTH	A	2006	23.683022
ISL	GFCF	TOT	AGRWTH	A	2007	-10.900032
ISL	GFCF	TOT	AGRWTH	A	2008	-18.235746
ISL	GFCF	TOT	AGRWTH	A	2009	-47.90829
ISL	GFCF	TOT	AGRWTH	A	2010	-8.066315
ISL	GFCF	TOT	AGRWTH	A	2011	11.473598
ISL	GFCF	TOT	AGRWTH	A	2012	5.156123
ISL	GFCF	TOT	AGRWTH	A	2013	2.168222
ISL	GFCF	TOT	AGRWTH	A	2014	15.887307
ISL	GFCF	TOT	AGRWTH	A	2015	21.348942
ISL	GFCF	TOT	AGRWTH	A	2016	17.782895
ISL	GFCF	TOT	AGRWTH	A	2017	11.57554
ISL	GFCF	TOT	AGRWTH	A	2018	2.055713
IRL	GFCF	TOT	AGRWTH	A	1990	13.402017
IRL	GFCF	TOT	AGRWTH	A	1991	-6.983938
IRL	GFCF	TOT	AGRWTH	A	1992	-0.0266
IRL	GFCF	TOT	AGRWTH	A	1993	-5.083264
IRL	GFCF	TOT	AGRWTH	A	1994	11.837944
IRL	GFCF	TOT	AGRWTH	A	1995	15.790485
IRL	GFCF	TOT	AGRWTH	A	1996	16.426863
IRL	GFCF	TOT	AGRWTH	A	1997	15.805346
IRL	GFCF	TOT	AGRWTH	A	1998	13.440526
IRL	GFCF	TOT	AGRWTH	A	1999	14.074926
IRL	GFCF	TOT	AGRWTH	A	2000	5.052522
IRL	GFCF	TOT	AGRWTH	A	2001	5.821998
IRL	GFCF	TOT	AGRWTH	A	2002	5.555627
IRL	GFCF	TOT	AGRWTH	A	2003	7.975088
IRL	GFCF	TOT	AGRWTH	A	2004	9.757874
IRL	GFCF	TOT	AGRWTH	A	2005	16.837509
IRL	GFCF	TOT	AGRWTH	A	2006	7.211413
IRL	GFCF	TOT	AGRWTH	A	2007	0.030987
IRL	GFCF	TOT	AGRWTH	A	2008	-11.582045
IRL	GFCF	TOT	AGRWTH	A	2009	-16.927745
IRL	GFCF	TOT	AGRWTH	A	2010	-15.030344
IRL	GFCF	TOT	AGRWTH	A	2011	-1.090543
IRL	GFCF	TOT	AGRWTH	A	2012	17.258247
IRL	GFCF	TOT	AGRWTH	A	2013	-4.141701
IRL	GFCF	TOT	AGRWTH	A	2014	18.528254
IRL	GFCF	TOT	AGRWTH	A	2015	52.872081
IRL	GFCF	TOT	AGRWTH	A	2016	50.572226
IRL	GFCF	TOT	AGRWTH	A	2017	-6.709335
IRL	GFCF	TOT	AGRWTH	A	2018	-21.137167
ITA	GFCF	TOT	AGRWTH	A	1990	4.326683
ITA	GFCF	TOT	AGRWTH	A	1991	1.2971
ITA	GFCF	TOT	AGRWTH	A	1992	-1.437673
ITA	GFCF	TOT	AGRWTH	A	1993	-11.218334
ITA	GFCF	TOT	AGRWTH	A	1994	0.717773
ITA	GFCF	TOT	AGRWTH	A	1995	7.035405
ITA	GFCF	TOT	AGRWTH	A	1996	2.482414
ITA	GFCF	TOT	AGRWTH	A	1997	1.970845
ITA	GFCF	TOT	AGRWTH	A	1998	4.048778
ITA	GFCF	TOT	AGRWTH	A	1999	4.359941
ITA	GFCF	TOT	AGRWTH	A	2000	6.809245
ITA	GFCF	TOT	AGRWTH	A	2001	2.67252
ITA	GFCF	TOT	AGRWTH	A	2002	3.855236
ITA	GFCF	TOT	AGRWTH	A	2003	-0.62474
ITA	GFCF	TOT	AGRWTH	A	2004	1.616762
ITA	GFCF	TOT	AGRWTH	A	2005	1.550421
ITA	GFCF	TOT	AGRWTH	A	2006	2.540586
ITA	GFCF	TOT	AGRWTH	A	2007	1.522122
ITA	GFCF	TOT	AGRWTH	A	2008	-3.155483
ITA	GFCF	TOT	AGRWTH	A	2009	-9.747115
ITA	GFCF	TOT	AGRWTH	A	2010	-0.200186
ITA	GFCF	TOT	AGRWTH	A	2011	-1.432738
ITA	GFCF	TOT	AGRWTH	A	2012	-9.739771
ITA	GFCF	TOT	AGRWTH	A	2013	-6.445611
ITA	GFCF	TOT	AGRWTH	A	2014	-2.219474
ITA	GFCF	TOT	AGRWTH	A	2015	1.759932
ITA	GFCF	TOT	AGRWTH	A	2016	3.996938
ITA	GFCF	TOT	AGRWTH	A	2017	3.321349
ITA	GFCF	TOT	AGRWTH	A	2018	3.204191
JPN	GFCF	TOT	AGRWTH	A	1990	6.279843
JPN	GFCF	TOT	AGRWTH	A	1991	2.908608
JPN	GFCF	TOT	AGRWTH	A	1992	-2.532837
JPN	GFCF	TOT	AGRWTH	A	1993	-4.893137
JPN	GFCF	TOT	AGRWTH	A	1994	-2.230514
JPN	GFCF	TOT	AGRWTH	A	1995	3.491875
JPN	GFCF	TOT	AGRWTH	A	1996	6.49464
JPN	GFCF	TOT	AGRWTH	A	1997	-1.995838
JPN	GFCF	TOT	AGRWTH	A	1998	-3.985991
JPN	GFCF	TOT	AGRWTH	A	1999	-0.968039
JPN	GFCF	TOT	AGRWTH	A	2000	0.508929
JPN	GFCF	TOT	AGRWTH	A	2001	-1.706615
JPN	GFCF	TOT	AGRWTH	A	2002	-5.110898
JPN	GFCF	TOT	AGRWTH	A	2003	-0.771977
JPN	GFCF	TOT	AGRWTH	A	2004	0.109898
JPN	GFCF	TOT	AGRWTH	A	2005	3.092622
JPN	GFCF	TOT	AGRWTH	A	2006	0.380405
JPN	GFCF	TOT	AGRWTH	A	2007	-1.910569
JPN	GFCF	TOT	AGRWTH	A	2008	-3.789435
JPN	GFCF	TOT	AGRWTH	A	2009	-9.740147
JPN	GFCF	TOT	AGRWTH	A	2010	-1.593052
JPN	GFCF	TOT	AGRWTH	A	2011	1.655674
JPN	GFCF	TOT	AGRWTH	A	2012	3.543746
JPN	GFCF	TOT	AGRWTH	A	2013	4.931365
JPN	GFCF	TOT	AGRWTH	A	2014	3.054434
JPN	GFCF	TOT	AGRWTH	A	2015	1.647526
JPN	GFCF	TOT	AGRWTH	A	2016	-0.31321
JPN	GFCF	TOT	AGRWTH	A	2017	2.952621
KOR	GFCF	TOT	AGRWTH	A	1990	24.651274
KOR	GFCF	TOT	AGRWTH	A	1991	14.30465
KOR	GFCF	TOT	AGRWTH	A	1992	2.391436
KOR	GFCF	TOT	AGRWTH	A	1993	8.040024
KOR	GFCF	TOT	AGRWTH	A	1994	14.033566
KOR	GFCF	TOT	AGRWTH	A	1995	13.013411
KOR	GFCF	TOT	AGRWTH	A	1996	8.231375
KOR	GFCF	TOT	AGRWTH	A	1997	-0.75991
KOR	GFCF	TOT	AGRWTH	A	1998	-20.951386
KOR	GFCF	TOT	AGRWTH	A	1999	8.790224
KOR	GFCF	TOT	AGRWTH	A	2000	12.884238
KOR	GFCF	TOT	AGRWTH	A	2001	1.530815
KOR	GFCF	TOT	AGRWTH	A	2002	6.931264
KOR	GFCF	TOT	AGRWTH	A	2003	4.799057
KOR	GFCF	TOT	AGRWTH	A	2004	2.854418
KOR	GFCF	TOT	AGRWTH	A	2005	1.995838
KOR	GFCF	TOT	AGRWTH	A	2006	3.552556
KOR	GFCF	TOT	AGRWTH	A	2007	4.987977
KOR	GFCF	TOT	AGRWTH	A	2008	-0.850942
KOR	GFCF	TOT	AGRWTH	A	2009	0.297179
KOR	GFCF	TOT	AGRWTH	A	2010	5.516776
KOR	GFCF	TOT	AGRWTH	A	2011	0.829387
KOR	GFCF	TOT	AGRWTH	A	2012	-0.484344
KOR	GFCF	TOT	AGRWTH	A	2013	3.301908
KOR	GFCF	TOT	AGRWTH	A	2014	3.365156
KOR	GFCF	TOT	AGRWTH	A	2015	5.052922
KOR	GFCF	TOT	AGRWTH	A	2016	5.628864
KOR	GFCF	TOT	AGRWTH	A	2017	8.64032
LUX	GFCF	TOT	AGRWTH	A	1990	3.374903
LUX	GFCF	TOT	AGRWTH	A	1991	15.757994
LUX	GFCF	TOT	AGRWTH	A	1992	-15.075223
LUX	GFCF	TOT	AGRWTH	A	1993	20.591881
LUX	GFCF	TOT	AGRWTH	A	1994	0.042828
LUX	GFCF	TOT	AGRWTH	A	1995	15.670294
LUX	GFCF	TOT	AGRWTH	A	1996	-4.204546
LUX	GFCF	TOT	AGRWTH	A	1997	6.344562
LUX	GFCF	TOT	AGRWTH	A	1998	10.980383
LUX	GFCF	TOT	AGRWTH	A	1999	17.921534
LUX	GFCF	TOT	AGRWTH	A	2000	-4.280755
LUX	GFCF	TOT	AGRWTH	A	2001	6.115308
LUX	GFCF	TOT	AGRWTH	A	2002	1.606738
LUX	GFCF	TOT	AGRWTH	A	2003	0.803384
LUX	GFCF	TOT	AGRWTH	A	2004	5.967145
LUX	GFCF	TOT	AGRWTH	A	2005	-1.015306
LUX	GFCF	TOT	AGRWTH	A	2006	3.2933
LUX	GFCF	TOT	AGRWTH	A	2007	12.530699
LUX	GFCF	TOT	AGRWTH	A	2008	11.944551
LUX	GFCF	TOT	AGRWTH	A	2009	-12.448995
LUX	GFCF	TOT	AGRWTH	A	2010	3.534445
LUX	GFCF	TOT	AGRWTH	A	2011	13.693679
LUX	GFCF	TOT	AGRWTH	A	2012	6.112529
LUX	GFCF	TOT	AGRWTH	A	2013	1.240808
LUX	GFCF	TOT	AGRWTH	A	2014	9.519248
LUX	GFCF	TOT	AGRWTH	A	2015	-7.66995
LUX	GFCF	TOT	AGRWTH	A	2016	4.589665
LUX	GFCF	TOT	AGRWTH	A	2017	5.640655
LUX	GFCF	TOT	AGRWTH	A	2018	-5.946697
MEX	GFCF	TOT	AGRWTH	A	1990	13.123954
MEX	GFCF	TOT	AGRWTH	A	1991	10.993358
MEX	GFCF	TOT	AGRWTH	A	1992	10.838914
MEX	GFCF	TOT	AGRWTH	A	1993	15.702586
MEX	GFCF	TOT	AGRWTH	A	1994	14.673888
MEX	GFCF	TOT	AGRWTH	A	1995	-35.846465
MEX	GFCF	TOT	AGRWTH	A	1996	19.402963
MEX	GFCF	TOT	AGRWTH	A	1997	15.172319
MEX	GFCF	TOT	AGRWTH	A	1998	10.468671
MEX	GFCF	TOT	AGRWTH	A	1999	5.560628
MEX	GFCF	TOT	AGRWTH	A	2000	5.23398
MEX	GFCF	TOT	AGRWTH	A	2001	-7.272587
MEX	GFCF	TOT	AGRWTH	A	2002	-2.274369
MEX	GFCF	TOT	AGRWTH	A	2003	1.05221
MEX	GFCF	TOT	AGRWTH	A	2004	7.093075
MEX	GFCF	TOT	AGRWTH	A	2005	6.208124
MEX	GFCF	TOT	AGRWTH	A	2006	9.313043
MEX	GFCF	TOT	AGRWTH	A	2007	5.815799
MEX	GFCF	TOT	AGRWTH	A	2008	6.555791
MEX	GFCF	TOT	AGRWTH	A	2009	-11.668731
MEX	GFCF	TOT	AGRWTH	A	2010	4.713232
MEX	GFCF	TOT	AGRWTH	A	2011	7.847715
MEX	GFCF	TOT	AGRWTH	A	2012	4.927421
MEX	GFCF	TOT	AGRWTH	A	2013	-3.35064
MEX	GFCF	TOT	AGRWTH	A	2014	3.066391
MEX	GFCF	TOT	AGRWTH	A	2015	5.008254
MEX	GFCF	TOT	AGRWTH	A	2016	1.024417
MEX	GFCF	TOT	AGRWTH	A	2017	-1.577607
NLD	GFCF	TOT	AGRWTH	A	1990	2.881606
NLD	GFCF	TOT	AGRWTH	A	1991	1.263236
NLD	GFCF	TOT	AGRWTH	A	1992	1.782111
NLD	GFCF	TOT	AGRWTH	A	1993	-1.636593
NLD	GFCF	TOT	AGRWTH	A	1994	2.037484
NLD	GFCF	TOT	AGRWTH	A	1995	5.889477
NLD	GFCF	TOT	AGRWTH	A	1996	6.740416
NLD	GFCF	TOT	AGRWTH	A	1997	6.374765
NLD	GFCF	TOT	AGRWTH	A	1998	6.764982
NLD	GFCF	TOT	AGRWTH	A	1999	9.986301
NLD	GFCF	TOT	AGRWTH	A	2000	2.33746
NLD	GFCF	TOT	AGRWTH	A	2001	1.289075
NLD	GFCF	TOT	AGRWTH	A	2002	-4.074747
NLD	GFCF	TOT	AGRWTH	A	2003	-1.72918
NLD	GFCF	TOT	AGRWTH	A	2004	0.203529
NLD	GFCF	TOT	AGRWTH	A	2005	3.260586
NLD	GFCF	TOT	AGRWTH	A	2006	6.969072
NLD	GFCF	TOT	AGRWTH	A	2007	14.784461
NLD	GFCF	TOT	AGRWTH	A	2008	-2.961325
NLD	GFCF	TOT	AGRWTH	A	2009	-8.568474
NLD	GFCF	TOT	AGRWTH	A	2010	-6.781443
NLD	GFCF	TOT	AGRWTH	A	2011	4.907147
NLD	GFCF	TOT	AGRWTH	A	2012	-6.305501
NLD	GFCF	TOT	AGRWTH	A	2013	-1.597486
NLD	GFCF	TOT	AGRWTH	A	2014	-2.406856
NLD	GFCF	TOT	AGRWTH	A	2015	28.989825
NLD	GFCF	TOT	AGRWTH	A	2016	-7.284325
NLD	GFCF	TOT	AGRWTH	A	2017	4.204694
NLD	GFCF	TOT	AGRWTH	A	2018	3.167418
NZL	GFCF	TOT	AGRWTH	A	1990	-3.167935
NZL	GFCF	TOT	AGRWTH	A	1991	-15.33711
NZL	GFCF	TOT	AGRWTH	A	1992	2.586207
NZL	GFCF	TOT	AGRWTH	A	1993	16.912499
NZL	GFCF	TOT	AGRWTH	A	1994	15.350591
NZL	GFCF	TOT	AGRWTH	A	1995	10.858861
NZL	GFCF	TOT	AGRWTH	A	1996	4.763964
NZL	GFCF	TOT	AGRWTH	A	1997	7.51135
NZL	GFCF	TOT	AGRWTH	A	1998	-8.459257
NZL	GFCF	TOT	AGRWTH	A	1999	16.804544
NZL	GFCF	TOT	AGRWTH	A	2000	-5.336336
NZL	GFCF	TOT	AGRWTH	A	2001	8.229899
NZL	GFCF	TOT	AGRWTH	A	2002	7.938581
NZL	GFCF	TOT	AGRWTH	A	2003	14.325768
NZL	GFCF	TOT	AGRWTH	A	2004	8.193717
NZL	GFCF	TOT	AGRWTH	A	2005	5.635752
NZL	GFCF	TOT	AGRWTH	A	2006	-1.646602
NZL	GFCF	TOT	AGRWTH	A	2007	7.785229
NZL	GFCF	TOT	AGRWTH	A	2008	-7.288959
NZL	GFCF	TOT	AGRWTH	A	2009	-10.286581
NZL	GFCF	TOT	AGRWTH	A	2010	3.696493
NZL	GFCF	TOT	AGRWTH	A	2011	5.980731
NZL	GFCF	TOT	AGRWTH	A	2012	5.06515
NZL	GFCF	TOT	AGRWTH	A	2013	9.743977
NZL	GFCF	TOT	AGRWTH	A	2014	7.932721
NZL	GFCF	TOT	AGRWTH	A	2015	3.910845
NZL	GFCF	TOT	AGRWTH	A	2016	3.558167
NZL	GFCF	TOT	AGRWTH	A	2017	4.664764
NOR	GFCF	TOT	AGRWTH	A	1990	-10.312176
NOR	GFCF	TOT	AGRWTH	A	1991	-0.397126
NOR	GFCF	TOT	AGRWTH	A	1992	-1.972227
NOR	GFCF	TOT	AGRWTH	A	1993	5.255815
NOR	GFCF	TOT	AGRWTH	A	1994	5.252857
NOR	GFCF	TOT	AGRWTH	A	1995	3.227381
NOR	GFCF	TOT	AGRWTH	A	1996	9.360141
NOR	GFCF	TOT	AGRWTH	A	1997	14.760248
NOR	GFCF	TOT	AGRWTH	A	1998	12.310623
NOR	GFCF	TOT	AGRWTH	A	1999	-4.928543
NOR	GFCF	TOT	AGRWTH	A	2000	-3.289903
NOR	GFCF	TOT	AGRWTH	A	2001	-0.612814
NOR	GFCF	TOT	AGRWTH	A	2002	-0.353544
NOR	GFCF	TOT	AGRWTH	A	2003	0.489012
NOR	GFCF	TOT	AGRWTH	A	2004	10.147022
NOR	GFCF	TOT	AGRWTH	A	2005	11.884489
NOR	GFCF	TOT	AGRWTH	A	2006	9.066371
NOR	GFCF	TOT	AGRWTH	A	2007	12.251992
NOR	GFCF	TOT	AGRWTH	A	2008	1.129841
NOR	GFCF	TOT	AGRWTH	A	2009	-7.015749
NOR	GFCF	TOT	AGRWTH	A	2010	-6.421236
NOR	GFCF	TOT	AGRWTH	A	2011	7.450995
NOR	GFCF	TOT	AGRWTH	A	2012	7.542561
NOR	GFCF	TOT	AGRWTH	A	2013	6.334283
NOR	GFCF	TOT	AGRWTH	A	2014	-0.251935
NOR	GFCF	TOT	AGRWTH	A	2015	-4.003858
NOR	GFCF	TOT	AGRWTH	A	2016	3.94308
NOR	GFCF	TOT	AGRWTH	A	2017	2.634782
NOR	GFCF	TOT	AGRWTH	A	2018	2.804921
POL	GFCF	TOT	AGRWTH	A	1991	-4.48152
POL	GFCF	TOT	AGRWTH	A	1992	2.412911
POL	GFCF	TOT	AGRWTH	A	1993	2.879579
POL	GFCF	TOT	AGRWTH	A	1994	9.160239
POL	GFCF	TOT	AGRWTH	A	1995	16.550227
POL	GFCF	TOT	AGRWTH	A	1996	19.736198
POL	GFCF	TOT	AGRWTH	A	1997	22.295067
POL	GFCF	TOT	AGRWTH	A	1998	14.245773
POL	GFCF	TOT	AGRWTH	A	1999	6.84812
POL	GFCF	TOT	AGRWTH	A	2000	2.184867
POL	GFCF	TOT	AGRWTH	A	2001	-10.564067
POL	GFCF	TOT	AGRWTH	A	2002	-6.102624
POL	GFCF	TOT	AGRWTH	A	2003	1.201093
POL	GFCF	TOT	AGRWTH	A	2004	6.703055
POL	GFCF	TOT	AGRWTH	A	2005	8.345871
POL	GFCF	TOT	AGRWTH	A	2006	15.375231
POL	GFCF	TOT	AGRWTH	A	2007	19.04375
POL	GFCF	TOT	AGRWTH	A	2008	8.806208
POL	GFCF	TOT	AGRWTH	A	2009	-2.666521
POL	GFCF	TOT	AGRWTH	A	2010	-0.04296
POL	GFCF	TOT	AGRWTH	A	2011	8.767669
POL	GFCF	TOT	AGRWTH	A	2012	-1.777829
POL	GFCF	TOT	AGRWTH	A	2013	-1.067997
POL	GFCF	TOT	AGRWTH	A	2014	10.034274
POL	GFCF	TOT	AGRWTH	A	2015	6.130811
POL	GFCF	TOT	AGRWTH	A	2016	-8.164641
POL	GFCF	TOT	AGRWTH	A	2017	3.966489
POL	GFCF	TOT	AGRWTH	A	2018	8.902139
PRT	GFCF	TOT	AGRWTH	A	1990	7.607176
PRT	GFCF	TOT	AGRWTH	A	1991	3.328316
PRT	GFCF	TOT	AGRWTH	A	1992	4.523848
PRT	GFCF	TOT	AGRWTH	A	1993	-5.543008
PRT	GFCF	TOT	AGRWTH	A	1994	2.722436
PRT	GFCF	TOT	AGRWTH	A	1995	6.550841
PRT	GFCF	TOT	AGRWTH	A	1996	5.187124
PRT	GFCF	TOT	AGRWTH	A	1997	14.162244
PRT	GFCF	TOT	AGRWTH	A	1998	11.73443
PRT	GFCF	TOT	AGRWTH	A	1999	6.069484
PRT	GFCF	TOT	AGRWTH	A	2000	4.057395
PRT	GFCF	TOT	AGRWTH	A	2001	0.972512
PRT	GFCF	TOT	AGRWTH	A	2002	-3.391897
PRT	GFCF	TOT	AGRWTH	A	2003	-7.313882
PRT	GFCF	TOT	AGRWTH	A	2004	0.188832
PRT	GFCF	TOT	AGRWTH	A	2005	0.110168
PRT	GFCF	TOT	AGRWTH	A	2006	-0.756776
PRT	GFCF	TOT	AGRWTH	A	2007	3.086211
PRT	GFCF	TOT	AGRWTH	A	2008	0.423491
PRT	GFCF	TOT	AGRWTH	A	2009	-7.538293
PRT	GFCF	TOT	AGRWTH	A	2010	-1.125518
PRT	GFCF	TOT	AGRWTH	A	2011	-12.592257
PRT	GFCF	TOT	AGRWTH	A	2012	-16.712508
PRT	GFCF	TOT	AGRWTH	A	2013	-4.805507
PRT	GFCF	TOT	AGRWTH	A	2014	2.288491
PRT	GFCF	TOT	AGRWTH	A	2015	5.91915
PRT	GFCF	TOT	AGRWTH	A	2016	2.547241
PRT	GFCF	TOT	AGRWTH	A	2017	11.488992
PRT	GFCF	TOT	AGRWTH	A	2018	5.821596
SVK	GFCF	TOT	AGRWTH	A	1993	-3.228036
SVK	GFCF	TOT	AGRWTH	A	1994	-2.509436
SVK	GFCF	TOT	AGRWTH	A	1995	0.622929
SVK	GFCF	TOT	AGRWTH	A	1996	28.747749
SVK	GFCF	TOT	AGRWTH	A	1997	13.539635
SVK	GFCF	TOT	AGRWTH	A	1998	8.401255
SVK	GFCF	TOT	AGRWTH	A	1999	-15.091011
SVK	GFCF	TOT	AGRWTH	A	2000	-12.230454
SVK	GFCF	TOT	AGRWTH	A	2001	12.989928
SVK	GFCF	TOT	AGRWTH	A	2002	-0.27306
SVK	GFCF	TOT	AGRWTH	A	2003	-4.443941
SVK	GFCF	TOT	AGRWTH	A	2004	5.905605
SVK	GFCF	TOT	AGRWTH	A	2005	16.941639
SVK	GFCF	TOT	AGRWTH	A	2006	6.835161
SVK	GFCF	TOT	AGRWTH	A	2007	10.11463
SVK	GFCF	TOT	AGRWTH	A	2008	3.690652
SVK	GFCF	TOT	AGRWTH	A	2009	-19.734924
SVK	GFCF	TOT	AGRWTH	A	2010	8.134384
SVK	GFCF	TOT	AGRWTH	A	2011	14.236454
SVK	GFCF	TOT	AGRWTH	A	2012	-10.0819
SVK	GFCF	TOT	AGRWTH	A	2013	1.328178
SVK	GFCF	TOT	AGRWTH	A	2014	2.839106
SVK	GFCF	TOT	AGRWTH	A	2015	21.56547
SVK	GFCF	TOT	AGRWTH	A	2016	-9.345015
SVK	GFCF	TOT	AGRWTH	A	2017	3.893783
SVK	GFCF	TOT	AGRWTH	A	2018	3.671911
ESP	GFCF	TOT	AGRWTH	A	1990	6.45203
ESP	GFCF	TOT	AGRWTH	A	1991	1.662011
ESP	GFCF	TOT	AGRWTH	A	1992	-4.134889
ESP	GFCF	TOT	AGRWTH	A	1993	-8.905852
ESP	GFCF	TOT	AGRWTH	A	1994	1.848136
ESP	GFCF	TOT	AGRWTH	A	1995	7.745352
ESP	GFCF	TOT	AGRWTH	A	1996	2.438283
ESP	GFCF	TOT	AGRWTH	A	1997	5.540109
ESP	GFCF	TOT	AGRWTH	A	1998	10.792101
ESP	GFCF	TOT	AGRWTH	A	1999	9.905477
ESP	GFCF	TOT	AGRWTH	A	2000	7.525098
ESP	GFCF	TOT	AGRWTH	A	2001	4.181
ESP	GFCF	TOT	AGRWTH	A	2002	4.058257
ESP	GFCF	TOT	AGRWTH	A	2003	6.532983
ESP	GFCF	TOT	AGRWTH	A	2004	4.572572
ESP	GFCF	TOT	AGRWTH	A	2005	6.967601
ESP	GFCF	TOT	AGRWTH	A	2006	7.218304
ESP	GFCF	TOT	AGRWTH	A	2007	3.933718
ESP	GFCF	TOT	AGRWTH	A	2008	-4.292923
ESP	GFCF	TOT	AGRWTH	A	2009	-17.285664
ESP	GFCF	TOT	AGRWTH	A	2010	-5.378172
ESP	GFCF	TOT	AGRWTH	A	2011	-7.561348
ESP	GFCF	TOT	AGRWTH	A	2012	-7.415514
ESP	GFCF	TOT	AGRWTH	A	2013	-3.782649
ESP	GFCF	TOT	AGRWTH	A	2014	4.080359
ESP	GFCF	TOT	AGRWTH	A	2015	4.869023
ESP	GFCF	TOT	AGRWTH	A	2016	2.355735
ESP	GFCF	TOT	AGRWTH	A	2017	5.907547
ESP	GFCF	TOT	AGRWTH	A	2018	5.289094
SWE	GFCF	TOT	AGRWTH	A	1990	0.198101
SWE	GFCF	TOT	AGRWTH	A	1991	-8.813527
SWE	GFCF	TOT	AGRWTH	A	1992	-10.562605
SWE	GFCF	TOT	AGRWTH	A	1993	-16.928471
SWE	GFCF	TOT	AGRWTH	A	1994	7.614672
SWE	GFCF	TOT	AGRWTH	A	1995	8.046053
SWE	GFCF	TOT	AGRWTH	A	1996	5.129617
SWE	GFCF	TOT	AGRWTH	A	1997	1.925565
SWE	GFCF	TOT	AGRWTH	A	1998	7.79019
SWE	GFCF	TOT	AGRWTH	A	1999	5.995024
SWE	GFCF	TOT	AGRWTH	A	2000	6.398334
SWE	GFCF	TOT	AGRWTH	A	2001	2.300426
SWE	GFCF	TOT	AGRWTH	A	2002	-1.578737
SWE	GFCF	TOT	AGRWTH	A	2003	2.584898
SWE	GFCF	TOT	AGRWTH	A	2004	5.360328
SWE	GFCF	TOT	AGRWTH	A	2005	4.94539
SWE	GFCF	TOT	AGRWTH	A	2006	8.991046
SWE	GFCF	TOT	AGRWTH	A	2007	8.3182
SWE	GFCF	TOT	AGRWTH	A	2008	0.533776
SWE	GFCF	TOT	AGRWTH	A	2009	-12.603334
SWE	GFCF	TOT	AGRWTH	A	2010	6.4561
SWE	GFCF	TOT	AGRWTH	A	2011	5.941955
SWE	GFCF	TOT	AGRWTH	A	2012	-1.319808
SWE	GFCF	TOT	AGRWTH	A	2013	0.45349
SWE	GFCF	TOT	AGRWTH	A	2014	6.074795
SWE	GFCF	TOT	AGRWTH	A	2015	5.823022
SWE	GFCF	TOT	AGRWTH	A	2016	4.14929
SWE	GFCF	TOT	AGRWTH	A	2017	5.584881
SWE	GFCF	TOT	AGRWTH	A	2018	4.598831
CHE	GFCF	TOT	AGRWTH	A	1990	4.624734
CHE	GFCF	TOT	AGRWTH	A	1991	-1.869427
CHE	GFCF	TOT	AGRWTH	A	1992	-8.001412
CHE	GFCF	TOT	AGRWTH	A	1993	-3.461031
CHE	GFCF	TOT	AGRWTH	A	1994	3.9709
CHE	GFCF	TOT	AGRWTH	A	1995	4.739454
CHE	GFCF	TOT	AGRWTH	A	1996	-1.057415
CHE	GFCF	TOT	AGRWTH	A	1997	3.233407
CHE	GFCF	TOT	AGRWTH	A	1998	6.937015
CHE	GFCF	TOT	AGRWTH	A	1999	2.193887
CHE	GFCF	TOT	AGRWTH	A	2000	4.800102
CHE	GFCF	TOT	AGRWTH	A	2001	-1.93375
CHE	GFCF	TOT	AGRWTH	A	2002	0.22686
CHE	GFCF	TOT	AGRWTH	A	2003	-1.05881
CHE	GFCF	TOT	AGRWTH	A	2004	5.051629
CHE	GFCF	TOT	AGRWTH	A	2005	3.209132
CHE	GFCF	TOT	AGRWTH	A	2006	4.647869
CHE	GFCF	TOT	AGRWTH	A	2007	4.972059
CHE	GFCF	TOT	AGRWTH	A	2008	0.721204
CHE	GFCF	TOT	AGRWTH	A	2009	-7.070217
CHE	GFCF	TOT	AGRWTH	A	2010	4.405218
CHE	GFCF	TOT	AGRWTH	A	2011	4.440682
CHE	GFCF	TOT	AGRWTH	A	2012	3.294645
CHE	GFCF	TOT	AGRWTH	A	2013	0.552619
CHE	GFCF	TOT	AGRWTH	A	2014	3.020155
CHE	GFCF	TOT	AGRWTH	A	2015	2.273471
CHE	GFCF	TOT	AGRWTH	A	2016	2.535823
CHE	GFCF	TOT	AGRWTH	A	2017	3.427554
CHE	GFCF	TOT	AGRWTH	A	2018	1.124417
TUR	GFCF	TOT	AGRWTH	A	1990	15.877047
TUR	GFCF	TOT	AGRWTH	A	1991	0.432072
TUR	GFCF	TOT	AGRWTH	A	1992	6.354928
TUR	GFCF	TOT	AGRWTH	A	1993	26.356129
TUR	GFCF	TOT	AGRWTH	A	1994	-15.968475
TUR	GFCF	TOT	AGRWTH	A	1995	9.142041
TUR	GFCF	TOT	AGRWTH	A	1996	14.069749
TUR	GFCF	TOT	AGRWTH	A	1997	14.835452
TUR	GFCF	TOT	AGRWTH	A	1998	-3.895921
TUR	GFCF	TOT	AGRWTH	A	1999	-14.452249
TUR	GFCF	TOT	AGRWTH	A	2000	21.894071
TUR	GFCF	TOT	AGRWTH	A	2001	-27.030662
TUR	GFCF	TOT	AGRWTH	A	2002	17.801178
TUR	GFCF	TOT	AGRWTH	A	2003	19.423278
TUR	GFCF	TOT	AGRWTH	A	2004	31.850452
TUR	GFCF	TOT	AGRWTH	A	2005	19.585108
TUR	GFCF	TOT	AGRWTH	A	2006	15.372221
TUR	GFCF	TOT	AGRWTH	A	2007	5.507192
TUR	GFCF	TOT	AGRWTH	A	2008	-2.742313
TUR	GFCF	TOT	AGRWTH	A	2009	-20.486989
TUR	GFCF	TOT	AGRWTH	A	2010	22.515867
TUR	GFCF	TOT	AGRWTH	A	2011	23.842578
TUR	GFCF	TOT	AGRWTH	A	2012	2.705088
TUR	GFCF	TOT	AGRWTH	A	2013	13.838415
TUR	GFCF	TOT	AGRWTH	A	2014	5.099037
TUR	GFCF	TOT	AGRWTH	A	2015	9.28487
TUR	GFCF	TOT	AGRWTH	A	2016	2.247216
TUR	GFCF	TOT	AGRWTH	A	2017	8.246806
TUR	GFCF	TOT	AGRWTH	A	2018	-0.590504
GBR	GFCF	TOT	AGRWTH	A	1990	-2.210661
GBR	GFCF	TOT	AGRWTH	A	1991	-6.328682
GBR	GFCF	TOT	AGRWTH	A	1992	0.899137
GBR	GFCF	TOT	AGRWTH	A	1993	1.559287
GBR	GFCF	TOT	AGRWTH	A	1994	6.396448
GBR	GFCF	TOT	AGRWTH	A	1995	4.739805
GBR	GFCF	TOT	AGRWTH	A	1996	4.667725
GBR	GFCF	TOT	AGRWTH	A	1997	-1.56854
GBR	GFCF	TOT	AGRWTH	A	1998	7.850348
GBR	GFCF	TOT	AGRWTH	A	1999	2.948185
GBR	GFCF	TOT	AGRWTH	A	2000	3.44455
GBR	GFCF	TOT	AGRWTH	A	2001	-1.183134
GBR	GFCF	TOT	AGRWTH	A	2002	2.994793
GBR	GFCF	TOT	AGRWTH	A	2003	1.463968
GBR	GFCF	TOT	AGRWTH	A	2004	2.282567
GBR	GFCF	TOT	AGRWTH	A	2005	5.123653
GBR	GFCF	TOT	AGRWTH	A	2006	2.909665
GBR	GFCF	TOT	AGRWTH	A	2007	5.70283
GBR	GFCF	TOT	AGRWTH	A	2008	-5.200125
GBR	GFCF	TOT	AGRWTH	A	2009	-13.682802
GBR	GFCF	TOT	AGRWTH	A	2010	4.148926
GBR	GFCF	TOT	AGRWTH	A	2011	2.551342
GBR	GFCF	TOT	AGRWTH	A	2012	2.130756
GBR	GFCF	TOT	AGRWTH	A	2013	3.382771
GBR	GFCF	TOT	AGRWTH	A	2014	7.2018
GBR	GFCF	TOT	AGRWTH	A	2015	3.363618
GBR	GFCF	TOT	AGRWTH	A	2016	2.291862
GBR	GFCF	TOT	AGRWTH	A	2017	3.462144
GBR	GFCF	TOT	AGRWTH	A	2018	0.169429
USA	GFCF	TOT	AGRWTH	A	1990	-0.104831
USA	GFCF	TOT	AGRWTH	A	1991	-4.107017
USA	GFCF	TOT	AGRWTH	A	1992	4.100044
USA	GFCF	TOT	AGRWTH	A	1993	5.095002
USA	GFCF	TOT	AGRWTH	A	1994	6.10475
USA	GFCF	TOT	AGRWTH	A	1995	5.155779
USA	GFCF	TOT	AGRWTH	A	1996	7.654242
USA	GFCF	TOT	AGRWTH	A	1997	7.181131
USA	GFCF	TOT	AGRWTH	A	1998	9.293721
USA	GFCF	TOT	AGRWTH	A	1999	8.324466
USA	GFCF	TOT	AGRWTH	A	2000	6.397547
USA	GFCF	TOT	AGRWTH	A	2001	-0.423111
USA	GFCF	TOT	AGRWTH	A	2002	-1.695693
USA	GFCF	TOT	AGRWTH	A	2003	4.236905
USA	GFCF	TOT	AGRWTH	A	2004	5.992811
USA	GFCF	TOT	AGRWTH	A	2005	6.059387
USA	GFCF	TOT	AGRWTH	A	2006	2.674307
USA	GFCF	TOT	AGRWTH	A	2007	-0.578935
USA	GFCF	TOT	AGRWTH	A	2008	-4.205588
USA	GFCF	TOT	AGRWTH	A	2009	-12.522083
USA	GFCF	TOT	AGRWTH	A	2010	2.232247
USA	GFCF	TOT	AGRWTH	A	2011	4.576503
USA	GFCF	TOT	AGRWTH	A	2012	6.869911
USA	GFCF	TOT	AGRWTH	A	2013	3.568419
USA	GFCF	TOT	AGRWTH	A	2014	5.133423
USA	GFCF	TOT	AGRWTH	A	2015	3.22963
USA	GFCF	TOT	AGRWTH	A	2016	1.898567
USA	GFCF	TOT	AGRWTH	A	2017	3.669457
USA	GFCF	TOT	AGRWTH	A	2018	4.133911
CHL	GFCF	TOT	AGRWTH	A	1990	2.516874
CHL	GFCF	TOT	AGRWTH	A	1991	-0.177588
CHL	GFCF	TOT	AGRWTH	A	1992	24.025429
CHL	GFCF	TOT	AGRWTH	A	1993	17.956015
CHL	GFCF	TOT	AGRWTH	A	1994	6.186061
CHL	GFCF	TOT	AGRWTH	A	1995	23.499735
CHL	GFCF	TOT	AGRWTH	A	1996	8.918748
CHL	GFCF	TOT	AGRWTH	A	1997	12.43366
CHL	GFCF	TOT	AGRWTH	A	1998	3.245519
CHL	GFCF	TOT	AGRWTH	A	1999	-14.270232
CHL	GFCF	TOT	AGRWTH	A	2000	10.042658
CHL	GFCF	TOT	AGRWTH	A	2001	2.654738
CHL	GFCF	TOT	AGRWTH	A	2002	3.934643
CHL	GFCF	TOT	AGRWTH	A	2003	8.149846
CHL	GFCF	TOT	AGRWTH	A	2004	12.984841
CHL	GFCF	TOT	AGRWTH	A	2005	23.458422
CHL	GFCF	TOT	AGRWTH	A	2006	5.95438
CHL	GFCF	TOT	AGRWTH	A	2007	10.551502
CHL	GFCF	TOT	AGRWTH	A	2008	18.488561
CHL	GFCF	TOT	AGRWTH	A	2009	-13.33754
CHL	GFCF	TOT	AGRWTH	A	2010	13.12983
CHL	GFCF	TOT	AGRWTH	A	2011	16.148838
CHL	GFCF	TOT	AGRWTH	A	2012	11.283232
CHL	GFCF	TOT	AGRWTH	A	2013	3.313066
CHL	GFCF	TOT	AGRWTH	A	2014	-4.833593
CHL	GFCF	TOT	AGRWTH	A	2015	-0.290296
CHL	GFCF	TOT	AGRWTH	A	2016	-1.337125
CHL	GFCF	TOT	AGRWTH	A	2017	-2.705073
CHL	GFCF	TOT	AGRWTH	A	2018	4.650157
COL	GFCF	TOT	AGRWTH	A	1990	-3.343636
COL	GFCF	TOT	AGRWTH	A	1991	-0.678176
COL	GFCF	TOT	AGRWTH	A	1992	14.104971
COL	GFCF	TOT	AGRWTH	A	1993	28.694368
COL	GFCF	TOT	AGRWTH	A	1994	11.947414
COL	GFCF	TOT	AGRWTH	A	1995	1.115697
COL	GFCF	TOT	AGRWTH	A	1996	-1.330261
COL	GFCF	TOT	AGRWTH	A	1997	-1.799853
COL	GFCF	TOT	AGRWTH	A	1998	-6.34507
COL	GFCF	TOT	AGRWTH	A	1999	-34.418334
COL	GFCF	TOT	AGRWTH	A	2000	-1.983737
COL	GFCF	TOT	AGRWTH	A	2001	9.720337
COL	GFCF	TOT	AGRWTH	A	2002	11.118459
COL	GFCF	TOT	AGRWTH	A	2003	11.486437
COL	GFCF	TOT	AGRWTH	A	2004	11.131161
COL	GFCF	TOT	AGRWTH	A	2005	13.208068
COL	GFCF	TOT	AGRWTH	A	2006	19.63528
COL	GFCF	TOT	AGRWTH	A	2007	19.845042
COL	GFCF	TOT	AGRWTH	A	2008	-3.644396
COL	GFCF	TOT	AGRWTH	A	2009	4.563462
COL	GFCF	TOT	AGRWTH	A	2010	6.72527
COL	GFCF	TOT	AGRWTH	A	2011	14.898797
COL	GFCF	TOT	AGRWTH	A	2012	2.978521
COL	GFCF	TOT	AGRWTH	A	2013	5.995524
COL	GFCF	TOT	AGRWTH	A	2014	9.933073
COL	GFCF	TOT	AGRWTH	A	2015	2.808261
COL	GFCF	TOT	AGRWTH	A	2016	-2.890029
COL	GFCF	TOT	AGRWTH	A	2017	1.919971
EST	GFCF	TOT	AGRWTH	A	1994	9.235062
EST	GFCF	TOT	AGRWTH	A	1995	5.584434
EST	GFCF	TOT	AGRWTH	A	1996	19.697614
EST	GFCF	TOT	AGRWTH	A	1997	23.485531
EST	GFCF	TOT	AGRWTH	A	1998	22.918034
EST	GFCF	TOT	AGRWTH	A	1999	-14.27298
EST	GFCF	TOT	AGRWTH	A	2000	14.178506
EST	GFCF	TOT	AGRWTH	A	2001	13.01781
EST	GFCF	TOT	AGRWTH	A	2002	23.573868
EST	GFCF	TOT	AGRWTH	A	2003	17.735519
EST	GFCF	TOT	AGRWTH	A	2004	5.50799
EST	GFCF	TOT	AGRWTH	A	2005	15.426288
EST	GFCF	TOT	AGRWTH	A	2006	22.761148
EST	GFCF	TOT	AGRWTH	A	2007	10.307382
EST	GFCF	TOT	AGRWTH	A	2008	-13.106034
EST	GFCF	TOT	AGRWTH	A	2009	-37.196276
EST	GFCF	TOT	AGRWTH	A	2010	-2.204121
EST	GFCF	TOT	AGRWTH	A	2011	35.603375
EST	GFCF	TOT	AGRWTH	A	2012	11.949754
EST	GFCF	TOT	AGRWTH	A	2013	1.503493
EST	GFCF	TOT	AGRWTH	A	2014	-2.668538
EST	GFCF	TOT	AGRWTH	A	2015	-3.157739
EST	GFCF	TOT	AGRWTH	A	2016	0.858434
EST	GFCF	TOT	AGRWTH	A	2017	12.520757
EST	GFCF	TOT	AGRWTH	A	2018	1.72585
IND	GFCF	TOT	AGRWTH	A	1990	13.59896
IND	GFCF	TOT	AGRWTH	A	1991	-5.567035
IND	GFCF	TOT	AGRWTH	A	1992	8.998109
IND	GFCF	TOT	AGRWTH	A	1993	-0.925203
IND	GFCF	TOT	AGRWTH	A	1994	9.45817
IND	GFCF	TOT	AGRWTH	A	1995	16.267883
IND	GFCF	TOT	AGRWTH	A	1996	3.046772
IND	GFCF	TOT	AGRWTH	A	1997	8.88583
IND	GFCF	TOT	AGRWTH	A	1998	9.71109
IND	GFCF	TOT	AGRWTH	A	1999	7.925753
IND	GFCF	TOT	AGRWTH	A	2000	-1.39395
IND	GFCF	TOT	AGRWTH	A	2001	15.302973
IND	GFCF	TOT	AGRWTH	A	2002	-0.435923
IND	GFCF	TOT	AGRWTH	A	2003	10.5673
IND	GFCF	TOT	AGRWTH	A	2004	23.981666
IND	GFCF	TOT	AGRWTH	A	2005	16.193337
IND	GFCF	TOT	AGRWTH	A	2006	13.817166
IND	GFCF	TOT	AGRWTH	A	2007	16.202767
IND	GFCF	TOT	AGRWTH	A	2008	3.507147
IND	GFCF	TOT	AGRWTH	A	2009	7.666184
IND	GFCF	TOT	AGRWTH	A	2010	10.995293
IND	GFCF	TOT	AGRWTH	A	2011	12.253022
IND	GFCF	TOT	AGRWTH	A	2012	4.939077
IND	GFCF	TOT	AGRWTH	A	2013	1.561804
IND	GFCF	TOT	AGRWTH	A	2014	2.603247
IND	GFCF	TOT	AGRWTH	A	2015	5.188892
IND	GFCF	TOT	AGRWTH	A	2016	10.141018
IND	GFCF	TOT	AGRWTH	A	2017	7.62748
ISR	GFCF	TOT	AGRWTH	A	1990	22.968045
ISR	GFCF	TOT	AGRWTH	A	1991	38.459416
ISR	GFCF	TOT	AGRWTH	A	1992	7.462525
ISR	GFCF	TOT	AGRWTH	A	1993	2.485627
ISR	GFCF	TOT	AGRWTH	A	1994	13.270958
ISR	GFCF	TOT	AGRWTH	A	1995	8.053868
ISR	GFCF	TOT	AGRWTH	A	1996	9.59618
ISR	GFCF	TOT	AGRWTH	A	1997	1.13969
ISR	GFCF	TOT	AGRWTH	A	1998	-3.26925
ISR	GFCF	TOT	AGRWTH	A	1999	0.89957
ISR	GFCF	TOT	AGRWTH	A	2000	2.85871
ISR	GFCF	TOT	AGRWTH	A	2001	-2.78869
ISR	GFCF	TOT	AGRWTH	A	2002	-5.68047
ISR	GFCF	TOT	AGRWTH	A	2003	-5.67096
ISR	GFCF	TOT	AGRWTH	A	2004	1.33213
ISR	GFCF	TOT	AGRWTH	A	2005	2.3689
ISR	GFCF	TOT	AGRWTH	A	2006	7.90733
ISR	GFCF	TOT	AGRWTH	A	2007	9.98286
ISR	GFCF	TOT	AGRWTH	A	2008	5.21538
ISR	GFCF	TOT	AGRWTH	A	2009	-2.40632
ISR	GFCF	TOT	AGRWTH	A	2010	8.59885
ISR	GFCF	TOT	AGRWTH	A	2011	13.19876
ISR	GFCF	TOT	AGRWTH	A	2012	4.6684
ISR	GFCF	TOT	AGRWTH	A	2013	3.82057
ISR	GFCF	TOT	AGRWTH	A	2014	0.51254
ISR	GFCF	TOT	AGRWTH	A	2015	-0.00473
ISR	GFCF	TOT	AGRWTH	A	2016	12.919044
ISR	GFCF	TOT	AGRWTH	A	2017	4.33856
ISR	GFCF	TOT	AGRWTH	A	2018	4.82455
SVN	GFCF	TOT	AGRWTH	A	1991	-11.502409
SVN	GFCF	TOT	AGRWTH	A	1992	-12.871979
SVN	GFCF	TOT	AGRWTH	A	1993	10.723704
SVN	GFCF	TOT	AGRWTH	A	1994	14.127779
SVN	GFCF	TOT	AGRWTH	A	1995	16.759112
SVN	GFCF	TOT	AGRWTH	A	1996	8.118101
SVN	GFCF	TOT	AGRWTH	A	1997	12.192138
SVN	GFCF	TOT	AGRWTH	A	1998	7.999744
SVN	GFCF	TOT	AGRWTH	A	1999	13.365763
SVN	GFCF	TOT	AGRWTH	A	2000	2.375496
SVN	GFCF	TOT	AGRWTH	A	2001	2.005002
SVN	GFCF	TOT	AGRWTH	A	2002	-0.366349
SVN	GFCF	TOT	AGRWTH	A	2003	5.788777
SVN	GFCF	TOT	AGRWTH	A	2004	5.544144
SVN	GFCF	TOT	AGRWTH	A	2005	3.612536
SVN	GFCF	TOT	AGRWTH	A	2006	10.249168
SVN	GFCF	TOT	AGRWTH	A	2007	11.926492
SVN	GFCF	TOT	AGRWTH	A	2008	7.047695
SVN	GFCF	TOT	AGRWTH	A	2009	-22.076541
SVN	GFCF	TOT	AGRWTH	A	2010	-13.421083
SVN	GFCF	TOT	AGRWTH	A	2011	-4.940293
SVN	GFCF	TOT	AGRWTH	A	2012	-8.549733
SVN	GFCF	TOT	AGRWTH	A	2013	3.429728
SVN	GFCF	TOT	AGRWTH	A	2014	-0.06289
SVN	GFCF	TOT	AGRWTH	A	2015	-1.212987
SVN	GFCF	TOT	AGRWTH	A	2016	-3.691912
SVN	GFCF	TOT	AGRWTH	A	2017	10.36607
SVN	GFCF	TOT	AGRWTH	A	2018	9.427786
ZAF	GFCF	TOT	AGRWTH	A	1990	-2.340718
ZAF	GFCF	TOT	AGRWTH	A	1991	-7.388252
ZAF	GFCF	TOT	AGRWTH	A	1992	-5.259896
ZAF	GFCF	TOT	AGRWTH	A	1993	-0.554826
ZAF	GFCF	TOT	AGRWTH	A	1994	8.247044
ZAF	GFCF	TOT	AGRWTH	A	1995	10.691169
ZAF	GFCF	TOT	AGRWTH	A	1996	9.008265
ZAF	GFCF	TOT	AGRWTH	A	1997	5.741871
ZAF	GFCF	TOT	AGRWTH	A	1998	4.765285
ZAF	GFCF	TOT	AGRWTH	A	1999	-7.595106
ZAF	GFCF	TOT	AGRWTH	A	2000	3.865634
ZAF	GFCF	TOT	AGRWTH	A	2001	2.849
ZAF	GFCF	TOT	AGRWTH	A	2002	3.492434
ZAF	GFCF	TOT	AGRWTH	A	2003	10.237263
ZAF	GFCF	TOT	AGRWTH	A	2004	12.876908
ZAF	GFCF	TOT	AGRWTH	A	2005	10.983761
ZAF	GFCF	TOT	AGRWTH	A	2006	12.144598
ZAF	GFCF	TOT	AGRWTH	A	2007	13.758712
ZAF	GFCF	TOT	AGRWTH	A	2008	12.822517
ZAF	GFCF	TOT	AGRWTH	A	2009	-6.67675
ZAF	GFCF	TOT	AGRWTH	A	2010	-3.912252
ZAF	GFCF	TOT	AGRWTH	A	2011	5.538843
ZAF	GFCF	TOT	AGRWTH	A	2012	2.604754
ZAF	GFCF	TOT	AGRWTH	A	2013	7.185054
ZAF	GFCF	TOT	AGRWTH	A	2014	0.697143
ZAF	GFCF	TOT	AGRWTH	A	2015	2.545883
ZAF	GFCF	TOT	AGRWTH	A	2016	-3.534596
ZAF	GFCF	TOT	AGRWTH	A	2017	1.046375
ZAF	GFCF	TOT	AGRWTH	A	2018	-1.439275
LVA	GFCF	TOT	AGRWTH	A	1996	34.112742
LVA	GFCF	TOT	AGRWTH	A	1997	5.134765
LVA	GFCF	TOT	AGRWTH	A	1998	42.980664
LVA	GFCF	TOT	AGRWTH	A	1999	4.49542
LVA	GFCF	TOT	AGRWTH	A	2000	22.088017
LVA	GFCF	TOT	AGRWTH	A	2001	19.315354
LVA	GFCF	TOT	AGRWTH	A	2002	-3.907976
LVA	GFCF	TOT	AGRWTH	A	2003	10.836288
LVA	GFCF	TOT	AGRWTH	A	2004	28.351123
LVA	GFCF	TOT	AGRWTH	A	2005	20.894587
LVA	GFCF	TOT	AGRWTH	A	2006	14.333277
LVA	GFCF	TOT	AGRWTH	A	2007	22.361753
LVA	GFCF	TOT	AGRWTH	A	2008	-10.188183
LVA	GFCF	TOT	AGRWTH	A	2009	-34.575881
LVA	GFCF	TOT	AGRWTH	A	2010	-19.729528
LVA	GFCF	TOT	AGRWTH	A	2011	23.789662
LVA	GFCF	TOT	AGRWTH	A	2012	16.149506
LVA	GFCF	TOT	AGRWTH	A	2013	-5.9262
LVA	GFCF	TOT	AGRWTH	A	2014	-0.316785
LVA	GFCF	TOT	AGRWTH	A	2015	-1.213469
LVA	GFCF	TOT	AGRWTH	A	2016	-8.166913
LVA	GFCF	TOT	AGRWTH	A	2017	11.323111
LVA	GFCF	TOT	AGRWTH	A	2018	15.818972
CAN	GFCF	TOT	AGRWTH	A	1990	-3.46818
CAN	GFCF	TOT	AGRWTH	A	1991	-4.232016
CAN	GFCF	TOT	AGRWTH	A	1992	-2.938755
CAN	GFCF	TOT	AGRWTH	A	1993	-1.161288
CAN	GFCF	TOT	AGRWTH	A	1994	6.699183
CAN	GFCF	TOT	AGRWTH	A	1995	-1.364742
CAN	GFCF	TOT	AGRWTH	A	1996	5.77246
CAN	GFCF	TOT	AGRWTH	A	1997	11.680047
CAN	GFCF	TOT	AGRWTH	A	1998	3.234086
CAN	GFCF	TOT	AGRWTH	A	1999	5.131322
CAN	GFCF	TOT	AGRWTH	A	2000	5.065731
CAN	GFCF	TOT	AGRWTH	A	2001	4.81935
CAN	GFCF	TOT	AGRWTH	A	2002	0.996619
CAN	GFCF	TOT	AGRWTH	A	2003	5.217543
CAN	GFCF	TOT	AGRWTH	A	2004	8.43523
CAN	GFCF	TOT	AGRWTH	A	2005	9.124017
CAN	GFCF	TOT	AGRWTH	A	2006	6.279843
CAN	GFCF	TOT	AGRWTH	A	2007	3.167589
CAN	GFCF	TOT	AGRWTH	A	2008	1.626601
CAN	GFCF	TOT	AGRWTH	A	2009	-11.314065
CAN	GFCF	TOT	AGRWTH	A	2010	11.511895
CAN	GFCF	TOT	AGRWTH	A	2011	4.637088
CAN	GFCF	TOT	AGRWTH	A	2012	4.886234
CAN	GFCF	TOT	AGRWTH	A	2013	1.448748
CAN	GFCF	TOT	AGRWTH	A	2014	2.250227
CAN	GFCF	TOT	AGRWTH	A	2015	-5.209796
CAN	GFCF	TOT	AGRWTH	A	2016	-4.262475
CAN	GFCF	TOT	AGRWTH	A	2017	2.954796
CAN	GFCF	TOT	AGRWTH	A	2018	1.171317
LTU	GFCF	TOT	AGRWTH	A	1996	21.05201
LTU	GFCF	TOT	AGRWTH	A	1997	25.633892
LTU	GFCF	TOT	AGRWTH	A	1998	21.176506
LTU	GFCF	TOT	AGRWTH	A	1999	-5.89431
LTU	GFCF	TOT	AGRWTH	A	2000	-6.861245
LTU	GFCF	TOT	AGRWTH	A	2001	12.732424
LTU	GFCF	TOT	AGRWTH	A	2002	11.08623
LTU	GFCF	TOT	AGRWTH	A	2003	14.059266
LTU	GFCF	TOT	AGRWTH	A	2004	15.803111
LTU	GFCF	TOT	AGRWTH	A	2005	11.471954
LTU	GFCF	TOT	AGRWTH	A	2006	19.59347
LTU	GFCF	TOT	AGRWTH	A	2007	22.33439
LTU	GFCF	TOT	AGRWTH	A	2008	-3.996314
LTU	GFCF	TOT	AGRWTH	A	2009	-38.902567
LTU	GFCF	TOT	AGRWTH	A	2010	1.475311
LTU	GFCF	TOT	AGRWTH	A	2011	20.146747
LTU	GFCF	TOT	AGRWTH	A	2012	-1.778298
LTU	GFCF	TOT	AGRWTH	A	2013	8.299473
LTU	GFCF	TOT	AGRWTH	A	2014	5.712774
LTU	GFCF	TOT	AGRWTH	A	2015	4.856023
LTU	GFCF	TOT	AGRWTH	A	2016	3.374244
LTU	GFCF	TOT	AGRWTH	A	2017	8.216054
LTU	GFCF	TOT	AGRWTH	A	2018	8.386251